,MUNCOD,RATE_14,RATE_10
0,291080,0.0,0.1796118946181092
1,520510,1.0326737990003718,0.0
